,年度,球団,試合,打席,打数,得点,安打,二塁打,三塁打,本塁打,塁打,打点,盗塁,盗塁死,犠打,犠飛,四球,敬遠,死球,三振,併殺打,打率,出塁率,長打率,OPS,player_id
0,2015,オリックス,5,11,11,0,1,0,0,0,1.0,0,0,0.0,0,0,0,0.0,0,2,1,0.091,0.091,0.091,0.182,ff273f09-8981-4259-b85c-04398ecf6247
1,2016,オリックス,85,262,229,22,52,13,0,0,65.0,20,0,0.0,23,0,4,1.0,6,42,5,0.227,0.259,0.284,0.543,ff273f09-8981-4259-b85c-04398ecf6247
2,2017,オリックス,100,256,218,16,44,8,2,1,59.0,18,0,0.0,23,2,10,0.0,3,50,9,0.202,0.245,0.271,0.515,ff273f09-8981-4259-b85c-04398ecf6247
3,2018,オリックス,114,302,269,22,66,9,2,1,82.0,27,1,0.0,23,1,7,0.0,2,80,6,0.245,0.269,0.305,0.574,ff273f09-8981-4259-b85c-04398ecf6247
4,2019,オリックス,138,348,298,21,53,9,0,1,65.0,21,2,0.0,25,0,21,1.0,4,73,4,0.178,0.241,0.218,0.46,ff273f09-8981-4259-b85c-04398ecf6247
5,2020,オリックス,75,215,192,14,46,12,0,3,67.0,19,2,0.0,8,1,9,0.0,5,40,4,0.24,0.29,0.349,0.639,ff273f09-8981-4259-b85c-04398ecf6247
6,2021,オリックス,68,140,117,11,25,4,0,5,44.0,16,1,0.0,9,1,11,0.0,2,27,2,0.214,0.29,0.376,0.666,ff273f09-8981-4259-b85c-04398ecf6247
7,2022,オリックス,68,193,171,16,48,7,0,4,67.0,14,3,1.0,9,1,9,0.0,3,34,5,0.281,0.326,0.392,0.718,ff273f09-8981-4259-b85c-04398ecf6247
8,通算：8年,通算：8年,653,1727,1505,122,335,62,4,15,450.0,135,9,1.0,120,6,71,2.0,25,348,36,0.223,0.268,0.299,0.567,ff273f09-8981-4259-b85c-04398ecf6247
0,2013,オリックス,17,30,28,1,7,1,0,1,11.0,2,0,0.0,1,0,1,0.0,0,5,0,0.25,0.276,0.393,0.669,e1b21814-8cb5-4f64-8a35-cf5756384d98
1,2014,オリックス,7,5,5,0,0,0,0,0,0.0,0,0,0.0,0,0,0,0.0,0,1,1,0.0,0.0,0.0,0.0,e1b21814-8cb5-4f64-8a35-cf5756384d98
2,2015,オリックス,20,26,22,2,6,1,0,0,7.0,0,0,0.0,2,0,1,0.0,1,6,1,0.273,0.333,0.318,0.652,e1b21814-8cb5-4f64-8a35-cf5756384d98
3,2016,オリックス,17,35,33,2,8,0,0,0,8.0,1,0,0.0,0,0,0,0.0,2,6,1,0.242,0.286,0.242,0.528,e1b21814-8cb5-4f64-8a35-cf5756384d98
4,2017,オリックス,4,1,1,1,0,0,0,0,0.0,0,0,0.0,0,0,0,0.0,0,1,0,0.0,0.0,0.0,0.0,e1b21814-8cb5-4f64-8a35-cf5756384d98
5,2018,オリックス,76,201,186,16,51,14,1,1,70.0,17,0,0.0,1,0,12,0.0,2,39,6,0.274,0.325,0.376,0.701,e1b21814-8cb5-4f64-8a35-cf5756384d98
6,2019,オリックス,39,72,61,4,10,0,0,1,13.0,9,0,1.0,0,1,8,1.0,2,16,2,0.164,0.278,0.213,0.491,e1b21814-8cb5-4f64-8a35-cf5756384d98
7,2020,オリックス,71,198,189,14,49,7,2,6,78.0,23,0,0.0,2,1,6,0.0,0,35,4,0.259,0.281,0.413,0.693,e1b21814-8cb5-4f64-8a35-cf5756384d98
8,2021,オリックス,91,262,238,21,52,11,1,4,77.0,25,0,1.0,5,2,14,0.0,3,39,5,0.218,0.268,0.324,0.592,e1b21814-8cb5-4f64-8a35-cf5756384d98
9,2022,オリックス,76,235,205,16,47,12,1,3,70.0,21,2,1.0,16,1,8,0.0,5,42,7,0.229,0.274,0.341,0.615,e1b21814-8cb5-4f64-8a35-cf5756384d98
10,通算：10年,通算：10年,418,1065,968,77,230,46,5,16,334.0,98,2,3.0,27,5,50,1.0,15,190,27,0.238,0.284,0.345,0.629,e1b21814-8cb5-4f64-8a35-cf5756384d98
0,2022,オリックス,5,8,8,0,1,0,0,0,1.0,0,0,0.0,0,0,0,0.0,0,2,0,0.125,0.125,0.125,0.25,af857b7a-01d4-435c-8a2d-5c1775235f3d
1,通算：1年,通算：1年,5,8,8,0,1,0,0,0,1.0,0,0,0.0,0,0,0,0.0,0,2,0,0.125,0.125,0.125,0.25,af857b7a-01d4-435c-8a2d-5c1775235f3d
0,2010,中日,13,15,14,0,1,0,0,0,1.0,0,0,0.0,0,0,1,0.0,0,8,0,0.071,0.133,0.071,0.205,04e1e9c1-d774-4d4f-9800-9bbffd0839a5
1,2011,中日,10,13,11,2,3,0,0,0,3.0,0,0,0.0,2,0,0,0.0,0,4,0,0.273,0.273,0.273,0.546,04e1e9c1-d774-4d4f-9800-9bbffd0839a5
2,2012,中日,4,3,2,0,0,0,0,0,0.0,0,0,0.0,0,0,0,0.0,1,2,0,0.0,0.333,0.0,0.333,04e1e9c1-d774-4d4f-9800-9bbffd0839a5
3,2013,中日,45,72,63,4,9,2,0,0,11.0,3,1,0.0,3,0,6,0.0,0,15,0,0.143,0.217,0.175,0.392,04e1e9c1-d774-4d4f-9800-9bbffd0839a5
4,2014,中日,67,162,142,10,25,3,1,1,33.0,4,3,1.0,4,0,16,1.0,0,47,3,0.176,0.259,0.232,0.492,04e1e9c1-d774-4d4f-9800-9bbffd0839a5
5,2015,中日,51,146,133,4,18,4,0,0,22.0,7,2,1.0,6,0,5,0.0,2,43,3,0.135,0.179,0.165,0.344,04e1e9c1-d774-4d4f-9800-9bbffd0839a5
6,2016,中日,4,7,7,1,1,0,0,0,1.0,0,0,0.0,0,0,0,0.0,0,4,0,0.143,0.143,0.143,0.286,04e1e9c1-d774-4d4f-9800-9bbffd0839a5
7,2017,中日,87,244,208,22,46,7,1,2,61.0,17,0,0.0,10,1,22,0.0,3,63,3,0.221,0.303,0.293,0.597,04e1e9c1-d774-4d4f-9800-9bbffd0839a5
8,2018,中日,92,260,218,18,50,7,1,2,65.0,22,0,0.0,7,3,30,9.0,2,51,5,0.229,0.324,0.298,0.622,04e1e9c1-d774-4d4f-9800-9bbffd0839a5
9,2019,中日,20,39,33,3,7,2,0,0,9.0,2,0,0.0,2,0,4,0.0,0,12,1,0.212,0.297,0.273,0.57,04e1e9c1-d774-4d4f-9800-9bbffd0839a5
10,2019,オリックス,24,42,36,5,7,0,0,0,7.0,2,0,0.0,3,0,3,0.0,0,7,0,0.194,0.256,0.194,0.451,04e1e9c1-d774-4d4f-9800-9bbffd0839a5
11,'19計,オリックス,44,81,69,8,14,2,0,0,16.0,4,0,0.0,5,0,7,0.0,0,19,1,0.203,0.276,0.232,0.508,04e1e9c1-d774-4d4f-9800-9bbffd0839a5
12,2020,オリックス,23,40,36,5,8,2,0,1,13.0,4,0,0.0,0,0,3,0.0,1,7,2,0.222,0.3,0.361,0.661,04e1e9c1-d774-4d4f-9800-9bbffd0839a5
13,2021,オリックス,10,7,7,0,0,0,0,0,0.0,0,0,0.0,0,0,0,0.0,0,2,0,0.0,0.0,0.0,0.0,04e1e9c1-d774-4d4f-9800-9bbffd0839a5
14,2022,オリックス,6,1,1,0,0,0,0,0,0.0,0,0,0.0,0,0,0,0.0,0,0,0,0.0,0.0,0.0,0.0,04e1e9c1-d774-4d4f-9800-9bbffd0839a5
15,通算：12年,通算：12年,456,1051,911,74,175,27,3,6,226.0,61,6,2.0,37,4,90,10.0,9,265,17,0.192,0.27,0.248,0.518,04e1e9c1-d774-4d4f-9800-9bbffd0839a5
0,2019,オリックス,28,93,91,5,18,5,0,3,32.0,10,0,0.0,0,1,1,0.0,0,22,3,0.198,0.204,0.352,0.556,3a97feda-854e-4da6-9c25-48269b8406e3
1,2020,オリックス,12,35,32,5,10,3,0,2,19.0,5,0,0.0,0,0,3,0.0,0,11,0,0.313,0.371,0.594,0.965,3a97feda-854e-4da6-9c25-48269b8406e3
2,2021,オリックス,46,125,112,11,26,4,0,5,45.0,14,0,0.0,1,1,8,0.0,3,41,0,0.232,0.298,0.402,0.7,3a97feda-854e-4da6-9c25-48269b8406e3
3,2022,オリックス,81,271,234,23,53,17,0,11,103.0,34,0,0.0,1,5,23,0.0,8,51,6,0.226,0.311,0.44,0.751,3a97feda-854e-4da6-9c25-48269b8406e3
4,通算：4年,通算：4年,167,524,469,44,107,29,0,21,199.0,63,0,0.0,2,7,35,0.0,11,125,9,0.228,0.293,0.424,0.717,3a97feda-854e-4da6-9c25-48269b8406e3
0,2014,ソフトバンク,1,0,0,0,0,0,0,0,0.0,0,0,0.0,0,0,0,0.0,0,0,0,----,----,----,----,4ead9312-5acf-499a-86ba-1451de9c9ad2
1,2015,ソフトバンク,1,0,0,0,0,0,0,0,0.0,0,0,0.0,0,0,0,0.0,0,0,0,----,----,----,----,4ead9312-5acf-499a-86ba-1451de9c9ad2
2,2016,ソフトバンク,13,7,6,1,1,1,0,0,2.0,1,0,0.0,0,0,1,0.0,0,4,0,.167,.286,.333,.619,4ead9312-5acf-499a-86ba-1451de9c9ad2
3,2017,ソフトバンク,103,257,207,30,48,8,3,5,77.0,18,4,0.0,22,0,26,1.0,2,68,2,.232,.323,.372,.695,4ead9312-5acf-499a-86ba-1451de9c9ad2
4,2018,ソフトバンク,133,363,314,27,67,13,1,7,103.0,37,2,1.0,23,0,26,0.0,0,79,6,.213,.274,.328,.602,4ead9312-5acf-499a-86ba-1451de9c9ad2
5,2019,ソフトバンク,137,454,377,42,98,15,0,11,146.0,43,9,4.0,23,3,50,0.0,1,114,9,.260,.346,.387,.733,4ead9312-5acf-499a-86ba-1451de9c9ad2
6,2020,ソフトバンク,104,360,289,44,61,15,0,11,109.0,33,4,4.0,22,3,43,0.0,3,80,7,.211,.317,.377,.694,4ead9312-5acf-499a-86ba-1451de9c9ad2
7,2021,ソフトバンク,143,479,405,42,92,15,0,12,143.0,44,6,6.0,26,2,44,0.0,2,142,7,.227,.305,.353,.658,4ead9312-5acf-499a-86ba-1451de9c9ad2
8,2022,ソフトバンク,130,405,323,25,58,9,1,1,72.0,27,1,3.0,38,1,38,0.0,5,85,9,.180,.275,.223,.498,4ead9312-5acf-499a-86ba-1451de9c9ad2
9,通算：9年,通算：9年,765,2325,1921,211,425,76,5,47,652.0,203,26,18.0,154,9,228,1.0,13,572,40,.221,.307,.339,.646,4ead9312-5acf-499a-86ba-1451de9c9ad2
0,2021,ソフトバンク,59,57,48,8,7,1,0,1,11.0,5,1,1.0,2,0,7,0.0,0,21,0,0.146,0.255,0.229,0.484,91f6c10c-fc47-4eea-8b03-06fd942ee17a
1,2022,ソフトバンク,71,75,64,16,15,4,2,0,23.0,8,1,2.0,1,1,7,0.0,2,18,1,0.234,0.324,0.359,0.684,91f6c10c-fc47-4eea-8b03-06fd942ee17a
2,通算：2年,通算：2年,130,132,112,24,22,5,2,1,34.0,13,2,3.0,3,1,14,0.0,2,39,1,0.196,0.295,0.304,0.598,91f6c10c-fc47-4eea-8b03-06fd942ee17a
0,2020,ソフトバンク,5,4,4,0,0,0,0,0,0.0,0,0,0.0,0,0,0,0.0,0,2,0,0.0,0.0,0.0,0.0,178d46b9-e1a1-4a5d-a2f9-6a79de605483
1,2021,ソフトバンク,11,5,4,1,1,1,0,0,2.0,2,0,0.0,0,1,0,0.0,0,1,0,0.25,0.2,0.5,0.7,178d46b9-e1a1-4a5d-a2f9-6a79de605483
2,2022,ソフトバンク,47,42,42,3,7,2,0,1,12.0,4,0,0.0,0,0,0,0.0,0,11,0,0.167,0.167,0.286,0.452,178d46b9-e1a1-4a5d-a2f9-6a79de605483
3,通算：3年,通算：3年,63,51,50,4,8,3,0,1,14.0,6,0,0.0,0,1,0,0.0,0,14,0,0.16,0.157,0.28,0.437,178d46b9-e1a1-4a5d-a2f9-6a79de605483
0,2019,ソフトバンク,2,3,2,0,0,0,0,0,0.0,0,0,0.0,0,0,0,0.0,1,1,0,0.0,0.333,0.0,0.333,28c3230b-5992-41b5-a778-33f6c30a97dc
1,2020,ソフトバンク,5,5,4,2,1,0,0,1,4.0,1,0,0.0,0,0,1,0.0,0,2,0,0.25,0.4,1.0,1.4,28c3230b-5992-41b5-a778-33f6c30a97dc
2,2021,ソフトバンク,3,2,2,0,1,0,0,0,1.0,1,0,0.0,0,0,0,0.0,0,0,0,0.5,0.5,0.5,1.0,28c3230b-5992-41b5-a778-33f6c30a97dc
3,通算：3年,通算：3年,10,10,8,2,2,0,0,1,5.0,2,0,0.0,0,0,1,0.0,1,3,0,0.25,0.4,0.625,1.025,28c3230b-5992-41b5-a778-33f6c30a97dc
0,2015,日本ハム,1,2,2,0,0,0,0,0,0.0,0,0,0.0,0,0,0,0.0,0,1,0,0.0,0.0,0.0,0.0,3cf90c1f-8fc7-415e-9a43-ba3bb969bfc8
1,2016,日本ハム,5,8,8,0,2,0,0,0,2.0,0,0,0.0,0,0,0,0.0,0,2,0,0.25,0.25,0.25,0.5,3cf90c1f-8fc7-415e-9a43-ba3bb969bfc8
2,2017,日本ハム,61,120,111,7,22,4,0,1,29.0,10,0,0.0,3,1,5,0.0,0,35,4,0.198,0.231,0.261,0.492,3cf90c1f-8fc7-415e-9a43-ba3bb969bfc8
3,2018,日本ハム,86,242,200,25,43,7,0,7,71.0,21,0,1.0,20,1,18,0.0,3,51,4,0.215,0.288,0.355,0.643,3cf90c1f-8fc7-415e-9a43-ba3bb969bfc8
4,2019,日本ハム,98,246,216,17,56,8,0,5,79.0,24,0,1.0,9,1,19,0.0,1,51,6,0.259,0.321,0.366,0.686,3cf90c1f-8fc7-415e-9a43-ba3bb969bfc8
5,2020,日本ハム,69,157,135,13,26,7,0,3,42.0,16,0,0.0,12,2,7,0.0,1,37,5,0.193,0.234,0.311,0.546,3cf90c1f-8fc7-415e-9a43-ba3bb969bfc8
6,2021,日本ハム,100,256,214,19,44,6,0,4,62.0,18,0,0.0,11,3,28,0.0,0,60,3,0.206,0.294,0.29,0.584,3cf90c1f-8fc7-415e-9a43-ba3bb969bfc8
7,2022,日本ハム,30,67,62,2,12,1,0,0,13.0,3,0,1.0,3,0,1,0.0,1,15,1,0.194,0.219,0.21,0.428,3cf90c1f-8fc7-415e-9a43-ba3bb969bfc8
8,通算：8年,通算：8年,450,1098,948,83,205,33,0,20,298.0,92,0,3.0,58,8,78,0.0,6,252,23,0.216,0.278,0.314,0.592,3cf90c1f-8fc7-415e-9a43-ba3bb969bfc8
0,2022,日本ハム,36,108,96,5,22,3,0,0,25.0,1,0,2.0,4,0,8,0.0,0,23,1,0.229,0.288,0.26,0.549,a0f9d3dd-933d-4f78-bdae-e03a825ac11b
1,通算：1年,通算：1年,36,108,96,5,22,3,0,0,25.0,1,0,2.0,4,0,8,0.0,0,23,1,0.229,0.288,0.26,0.549,a0f9d3dd-933d-4f78-bdae-e03a825ac11b
0,2017,巨人,21,45,40,6,14,0,0,4,26.0,8,0,0.0,0,0,3,0.0,2,14,0,0.35,0.422,0.65,1.072,ac292c32-55f4-4a28-8b95-c3d0cb9cc8ee
1,2018,巨人,29,58,48,2,5,2,0,0,7.0,3,0,0.0,0,0,10,1.0,0,20,1,0.104,0.259,0.146,0.404,ac292c32-55f4-4a28-8b95-c3d0cb9cc8ee
2,2019,巨人,3,4,4,0,1,0,0,0,1.0,0,0,0.0,0,0,0,0.0,0,0,0,0.25,0.25,0.25,0.5,ac292c32-55f4-4a28-8b95-c3d0cb9cc8ee
3,2019,日本ハム,45,103,96,4,19,3,0,0,22.0,9,0,0.0,1,0,6,0.0,0,19,4,0.198,0.245,0.229,0.474,ac292c32-55f4-4a28-8b95-c3d0cb9cc8ee
4,'19計,日本ハム,48,107,100,4,20,3,0,0,23.0,9,0,0.0,1,0,6,0.0,0,19,4,0.2,0.245,0.23,0.475,ac292c32-55f4-4a28-8b95-c3d0cb9cc8ee
5,2020,日本ハム,80,187,169,10,30,1,0,3,40.0,15,0,1.0,9,1,8,0.0,0,45,5,0.178,0.213,0.237,0.45,ac292c32-55f4-4a28-8b95-c3d0cb9cc8ee
6,2021,日本ハム,32,57,43,2,5,0,0,1,8.0,2,0,0.0,5,0,8,0.0,1,16,2,0.116,0.269,0.186,0.455,ac292c32-55f4-4a28-8b95-c3d0cb9cc8ee
7,2022,日本ハム,81,237,215,22,55,10,0,5,80.0,24,0,0.0,7,2,12,0.0,1,42,0,0.256,0.296,0.372,0.668,ac292c32-55f4-4a28-8b95-c3d0cb9cc8ee
8,通算：6年,通算：6年,291,691,615,46,129,16,0,13,184.0,61,0,1.0,22,3,47,1.0,4,156,12,0.21,0.269,0.299,0.568,ac292c32-55f4-4a28-8b95-c3d0cb9cc8ee
0,2017,日本ハム,1,1,1,0,0,0,0,0,0.0,0,0,0.0,0,0,0,0.0,0,1,0,0.0,0.0,0.0,0.0,2ed31fe9-69e8-43b9-b17a-60ce7f995c41
1,2019,日本ハム,2,4,4,0,1,0,0,0,1.0,0,0,0.0,0,0,0,0.0,0,2,0,0.25,0.25,0.25,0.5,2ed31fe9-69e8-43b9-b17a-60ce7f995c41
2,2020,日本ハム,9,7,6,1,0,0,0,0,0.0,0,0,0.0,0,0,1,0.0,0,1,0,0.0,0.143,0.0,0.143,2ed31fe9-69e8-43b9-b17a-60ce7f995c41
3,2021,日本ハム,33,77,69,4,13,3,0,0,16.0,4,1,1.0,1,0,6,0.0,1,23,1,0.188,0.263,0.232,0.495,2ed31fe9-69e8-43b9-b17a-60ce7f995c41
4,2022,日本ハム,26,63,56,2,7,1,0,2,14.0,6,1,1.0,2,0,4,0.0,1,16,0,0.125,0.197,0.25,0.447,2ed31fe9-69e8-43b9-b17a-60ce7f995c41
5,通算：5年,通算：5年,71,152,136,7,21,4,0,2,31.0,10,2,2.0,3,0,11,0.0,2,43,1,0.154,0.228,0.228,0.456,2ed31fe9-69e8-43b9-b17a-60ce7f995c41
0,2020,日本ハム,4,7,7,1,3,0,0,0,3.0,0,1,0.0,0,0,0,0.0,0,2,0,0.429,0.429,0.429,0.857,a04017d4-8426-4003-8e8d-5a079dcabfca
1,2021,日本ハム,3,1,1,0,0,0,0,0,0.0,0,0,0.0,0,0,0,0.0,0,0,0,0.0,0.0,0.0,0.0,a04017d4-8426-4003-8e8d-5a079dcabfca
2,通算：2年,通算：2年,7,8,8,1,3,0,0,0,3.0,0,1,0.0,0,0,0,0.0,0,2,0,0.375,0.375,0.375,0.75,a04017d4-8426-4003-8e8d-5a079dcabfca
0,2022,日本ハム,22,51,48,2,5,1,0,0,6.0,3,0,0.0,2,0,1,0.0,0,19,0,0.104,0.122,0.125,0.247,22912d0c-215b-41b5-8f1d-124abddfdd71
1,通算：1年,通算：1年,22,51,48,2,5,1,0,0,6.0,3,0,0.0,2,0,1,0.0,0,19,0,0.104,0.122,0.125,0.247,22912d0c-215b-41b5-8f1d-124abddfdd71
0,2014,日本ハム,1,4,4,1,1,0,1,0,3.0,3,0,0.0,0,0,0,0.0,0,1,0,.250,.250,.750,1.000,0bef7193-d869-4cf7-87a7-20c4f73367c1
1,2015,日本ハム,27,31,28,1,6,2,0,0,8.0,3,0,0.0,0,2,1,0.0,0,9,0,.214,.226,.286,.512,0bef7193-d869-4cf7-87a7-20c4f73367c1
2,2016,日本ハム,1,0,0,0,0,0,0,0,0.0,0,0,0.0,0,0,0,0.0,0,0,0,----,----,----,----,0bef7193-d869-4cf7-87a7-20c4f73367c1
3,2018,日本ハム,32,57,50,4,11,3,0,0,14.0,3,0,0.0,2,0,4,0.0,1,16,1,.220,.291,.280,.571,0bef7193-d869-4cf7-87a7-20c4f73367c1
4,2019,日本ハム,46,86,75,3,15,3,0,0,18.0,3,0,0.0,9,0,2,0.0,0,29,2,.200,.221,.240,.461,0bef7193-d869-4cf7-87a7-20c4f73367c1
5,2020,日本ハム,17,22,21,0,3,1,0,0,4.0,1,0,0.0,1,0,0,0.0,0,8,0,.143,.143,.190,.333,0bef7193-d869-4cf7-87a7-20c4f73367c1
6,2021,日本ハム,60,123,108,6,20,2,0,0,22.0,7,0,1.0,11,0,4,0.0,0,21,3,.185,.214,.204,.418,0bef7193-d869-4cf7-87a7-20c4f73367c1
7,2022,日本ハム,23,52,45,3,7,0,0,0,7.0,3,0,0.0,5,0,2,0.0,0,7,1,.156,.191,.156,.347,0bef7193-d869-4cf7-87a7-20c4f73367c1
8,通算：8年,通算：8年,207,375,331,18,63,11,1,0,76.0,23,0,1.0,28,2,13,0.0,1,91,7,.190,.222,.230,.452,0bef7193-d869-4cf7-87a7-20c4f73367c1
0,2022,ロッテ,76,212,185,12,32,5,0,0,37.0,14,1,0.0,8,1,18,0.0,0,60,7,0.173,0.245,0.2,0.445,b9cae776-37b3-4e78-8094-6657618a0a64
1,通算：1年,通算：1年,76,212,185,12,32,5,0,0,37.0,14,1,0.0,8,1,18,0.0,0,60,7,0.173,0.245,0.2,0.445,b9cae776-37b3-4e78-8094-6657618a0a64
0,2013,ロッテ,7,7,7,0,2,0,0,0,2.0,1,0,0.0,0,0,0,0.0,0,1,0,0.286,0.286,0.286,0.571,6d18bf2f-b5fc-41da-ad44-4ae9632fcf99
1,2014,ロッテ,50,148,128,5,20,4,1,0,26.0,10,0,0.0,9,0,10,0.0,1,27,2,0.156,0.223,0.203,0.426,6d18bf2f-b5fc-41da-ad44-4ae9632fcf99
2,2015,ロッテ,117,365,305,26,52,10,1,2,70.0,32,3,2.0,22,4,33,0.0,1,69,3,0.17,0.251,0.23,0.48,6d18bf2f-b5fc-41da-ad44-4ae9632fcf99
3,2016,ロッテ,130,430,371,27,95,16,3,2,123.0,38,6,0.0,17,3,38,0.0,1,91,12,0.256,0.324,0.332,0.656,6d18bf2f-b5fc-41da-ad44-4ae9632fcf99
4,2017,ロッテ,132,359,311,31,77,12,3,3,104.0,36,4,2.0,17,4,26,0.0,1,68,7,0.248,0.304,0.334,0.638,6d18bf2f-b5fc-41da-ad44-4ae9632fcf99
5,2018,ロッテ,143,476,415,32,99,14,7,3,136.0,35,3,3.0,16,2,40,1.0,3,68,13,0.239,0.309,0.328,0.637,6d18bf2f-b5fc-41da-ad44-4ae9632fcf99
6,2019,ロッテ,100,321,284,30,69,12,1,3,92.0,31,1,2.0,12,3,22,0.0,0,59,8,0.243,0.294,0.324,0.618,6d18bf2f-b5fc-41da-ad44-4ae9632fcf99
7,2020,ロッテ,92,237,203,12,44,7,0,4,63.0,23,1,1.0,10,1,20,0.0,3,45,3,0.217,0.295,0.31,0.605,6d18bf2f-b5fc-41da-ad44-4ae9632fcf99
8,2021,ロッテ,70,165,136,14,32,7,1,0,41.0,14,1,0.0,10,2,17,0.0,0,33,1,0.235,0.316,0.301,0.618,6d18bf2f-b5fc-41da-ad44-4ae9632fcf99
9,2022,ロッテ,2,5,5,1,1,0,0,0,1.0,0,0,0.0,0,0,0,0.0,0,1,0,0.2,0.2,0.2,0.4,6d18bf2f-b5fc-41da-ad44-4ae9632fcf99
10,通算：10年,通算：10年,843,2513,2165,178,491,82,17,17,658.0,220,19,10.0,113,19,206,1.0,10,462,49,0.227,0.295,0.304,0.599,6d18bf2f-b5fc-41da-ad44-4ae9632fcf99
0,2020,ロッテ,60,127,114,6,26,4,0,2,36.0,12,0,0.0,2,0,9,0.0,2,25,1,0.228,0.296,0.316,0.612,f4a6753b-4408-4487-bac0-28580d15284f
1,2021,ロッテ,62,155,132,16,27,4,1,6,51.0,18,3,0.0,7,1,14,1.0,1,30,0,0.205,0.284,0.386,0.67,f4a6753b-4408-4487-bac0-28580d15284f
2,2022,ロッテ,118,402,359,35,77,10,1,8,113.0,31,5,1.0,13,6,21,1.0,3,63,11,0.214,0.26,0.315,0.574,f4a6753b-4408-4487-bac0-28580d15284f
3,通算：3年,通算：3年,240,684,605,57,130,18,2,16,200.0,61,8,1.0,22,7,44,2.0,6,118,12,0.215,0.272,0.331,0.602,f4a6753b-4408-4487-bac0-28580d15284f
0,2014,ロッテ,50,132,123,7,27,2,0,2,35.0,7,0,0.0,4,2,2,0.0,1,38,0,0.22,0.234,0.285,0.519,5e632014-632d-4fdb-a71d-7bdf44cd1403
1,2015,ロッテ,65,131,110,6,25,1,0,1,29.0,9,1,0.0,9,2,9,0.0,1,26,2,0.227,0.287,0.264,0.551,5e632014-632d-4fdb-a71d-7bdf44cd1403
2,2016,ロッテ,24,35,30,1,0,0,0,0,0.0,0,0,0.0,4,0,1,0.0,0,12,1,0.0,0.032,0.0,0.032,5e632014-632d-4fdb-a71d-7bdf44cd1403
3,2017,ロッテ,61,107,94,10,16,7,0,3,32.0,6,0,0.0,6,0,7,0.0,0,30,4,0.17,0.228,0.34,0.568,5e632014-632d-4fdb-a71d-7bdf44cd1403
4,2018,ロッテ,8,12,10,0,1,0,0,0,1.0,0,0,0.0,1,0,1,0.0,0,2,0,0.1,0.182,0.1,0.282,5e632014-632d-4fdb-a71d-7bdf44cd1403
5,2019,ロッテ,32,56,47,2,11,1,0,2,18.0,7,0,1.0,4,0,5,0.0,0,13,2,0.234,0.308,0.383,0.691,5e632014-632d-4fdb-a71d-7bdf44cd1403
6,2020,ロッテ,1,1,0,0,0,0,0,0,0.0,0,0,0.0,1,0,0,0.0,0,0,0,0.0,0.0,0.0,0.0,5e632014-632d-4fdb-a71d-7bdf44cd1403
7,2021,ロッテ,7,10,9,1,1,0,0,1,4.0,1,0,0.0,0,0,1,0.0,0,3,0,0.111,0.2,0.444,0.644,5e632014-632d-4fdb-a71d-7bdf44cd1403
8,通算：8年,通算：8年,248,484,423,27,81,11,0,9,119.0,30,1,1.0,29,4,26,0.0,2,124,9,0.191,0.24,0.281,0.521,5e632014-632d-4fdb-a71d-7bdf44cd1403
0,2013,ロッテ,64,134,117,6,20,2,0,0,22.0,7,0,1.0,12,1,4,0.0,0,34,7,0.171,0.197,0.188,0.385,2f9968e2-85f7-4d30-978a-450d826b43d8
1,2014,ロッテ,44,61,53,5,11,1,0,0,12.0,1,0,0.0,5,0,3,0.0,0,12,1,0.208,0.25,0.226,0.476,2f9968e2-85f7-4d30-978a-450d826b43d8
2,2015,ロッテ,14,7,6,2,0,0,0,0,0.0,0,0,0.0,0,0,0,0.0,1,2,1,0.0,0.143,0.0,0.143,2f9968e2-85f7-4d30-978a-450d826b43d8
3,2016,ロッテ,22,24,23,1,3,1,0,0,4.0,4,0,0.0,0,0,1,0.0,0,10,1,0.13,0.167,0.174,0.341,2f9968e2-85f7-4d30-978a-450d826b43d8
4,2017,ロッテ,13,6,6,1,1,0,0,0,1.0,0,0,0.0,0,0,0,0.0,0,1,1,0.167,0.167,0.167,0.333,2f9968e2-85f7-4d30-978a-450d826b43d8
5,2018,ロッテ,35,18,16,0,1,0,0,0,1.0,0,0,0.0,1,0,1,0.0,0,5,1,0.063,0.118,0.063,0.18,2f9968e2-85f7-4d30-978a-450d826b43d8
6,2019,ロッテ,23,35,31,3,3,0,0,1,6.0,4,0,0.0,2,0,2,0.0,0,10,2,0.097,0.152,0.194,0.345,2f9968e2-85f7-4d30-978a-450d826b43d8
7,2020,ロッテ,5,6,6,0,0,0,0,0,0.0,0,0,0.0,0,0,0,0.0,0,1,0,0.0,0.0,0.0,0.0,2f9968e2-85f7-4d30-978a-450d826b43d8
8,2021,ロッテ,19,10,6,0,1,0,0,0,1.0,0,1,0.0,2,0,2,0.0,0,4,0,0.167,0.375,0.167,0.542,2f9968e2-85f7-4d30-978a-450d826b43d8
9,通算：9年,通算：9年,239,301,264,18,40,4,0,1,47.0,16,1,1.0,22,1,13,0.0,1,79,14,0.152,0.194,0.178,0.372,2f9968e2-85f7-4d30-978a-450d826b43d8
0,2015,中日,3,0,0,0,0,0,0,0,0.0,0,0,0.0,0,0,0,0.0,0,0,0,----,----,----,----,f209fb3c-522a-4ebc-9e21-1ba34f192d1f
1,2016,中日,1,1,1,0,0,0,0,0,0.0,0,0,0.0,0,0,0,0.0,0,0,0,.000,.000,.000,.000,f209fb3c-522a-4ebc-9e21-1ba34f192d1f
2,2017,中日,1,1,1,0,0,0,0,0,0.0,0,0,0.0,0,0,0,0.0,0,0,0,.000,.000,.000,.000,f209fb3c-522a-4ebc-9e21-1ba34f192d1f
3,2019,中日,92,245,224,19,51,7,3,0,64.0,13,0,0.0,12,0,9,1.0,0,57,6,.228,.258,.286,.543,f209fb3c-522a-4ebc-9e21-1ba34f192d1f
4,2020,中日,29,43,37,0,5,1,0,0,6.0,1,0,0.0,5,0,1,1.0,0,8,1,.135,.158,.162,.320,f209fb3c-522a-4ebc-9e21-1ba34f192d1f
5,2021,ロッテ,57,123,105,6,10,2,0,2,18.0,4,0,1.0,14,0,4,0.0,0,52,1,.095,.128,.171,.300,f209fb3c-522a-4ebc-9e21-1ba34f192d1f
6,2022,ロッテ,24,10,9,2,1,1,0,0,2.0,0,0,0.0,1,0,0,0.0,0,3,0,.111,.111,.222,.333,f209fb3c-522a-4ebc-9e21-1ba34f192d1f
7,通算：7年,通算：7年,207,423,377,27,67,11,3,2,90.0,18,0,1.0,32,0,14,2.0,0,120,8,.178,.207,.239,.446,f209fb3c-522a-4ebc-9e21-1ba34f192d1f
0,2017,ロッテ,8,9,8,0,0,0,0,0,0.0,1,0,0.0,1,0,0,0.0,0,2,1,0.0,0.0,0.0,0.0,04a51944-caa4-48fc-b8ee-73ecb4c66896
1,2018,ロッテ,2,3,3,0,0,0,0,0,0.0,0,0,0.0,0,0,0,0.0,0,0,0,0.0,0.0,0.0,0.0,04a51944-caa4-48fc-b8ee-73ecb4c66896
2,2019,ロッテ,34,73,54,5,9,0,0,1,12.0,2,0,0.0,10,0,4,0.0,5,20,0,0.167,0.286,0.222,0.508,04a51944-caa4-48fc-b8ee-73ecb4c66896
3,2020,ロッテ,56,129,106,6,17,1,0,0,18.0,9,0,0.0,15,0,5,0.0,3,31,2,0.16,0.219,0.17,0.389,04a51944-caa4-48fc-b8ee-73ecb4c66896
4,2021,ロッテ,43,65,49,3,7,1,0,1,11.0,4,0,1.0,10,0,6,0.0,0,12,4,0.143,0.236,0.224,0.431,04a51944-caa4-48fc-b8ee-73ecb4c66896
5,2022,ロッテ,34,23,19,1,3,0,0,0,3.0,0,0,0.0,4,0,0,0.0,0,4,1,0.158,0.158,0.158,0.316,04a51944-caa4-48fc-b8ee-73ecb4c66896
6,通算：6年,通算：6年,177,302,239,15,36,2,0,2,44.0,16,0,1.0,40,0,15,0.0,8,69,8,0.151,0.225,0.184,0.409,04a51944-caa4-48fc-b8ee-73ecb4c66896
0,2014,西武,22,36,32,1,6,2,0,0,8.0,2,0,0.0,3,0,0,0.0,1,7,0,.188,.212,.250,.462,2b780c62-9ebd-4971-9ccd-088e573625e0
1,2015,西武,36,54,50,3,12,0,0,1,15.0,5,0,0.0,1,0,3,0.0,0,10,1,.240,.283,.300,.583,2b780c62-9ebd-4971-9ccd-088e573625e0
2,2016,西武,47,79,66,3,15,0,0,0,15.0,5,0,0.0,2,0,9,0.0,2,18,2,.227,.338,.227,.565,2b780c62-9ebd-4971-9ccd-088e573625e0
3,2017,西武,68,172,144,19,33,6,1,0,41.0,9,0,0.0,12,0,10,1.0,6,28,1,.229,.306,.285,.591,2b780c62-9ebd-4971-9ccd-088e573625e0
4,2018,西武,52,108,92,10,25,3,0,3,37.0,7,0,1.0,7,1,7,0.0,1,17,3,.272,.327,.402,.729,2b780c62-9ebd-4971-9ccd-088e573625e0
5,2019,西武,36,78,61,8,16,3,1,1,24.0,7,0,0.0,6,0,9,0.0,2,12,1,.262,.375,.393,.768,2b780c62-9ebd-4971-9ccd-088e573625e0
6,2020,西武,29,65,56,1,6,1,0,0,7.0,3,0,0.0,7,0,1,0.0,1,7,4,.107,.138,.125,.263,2b780c62-9ebd-4971-9ccd-088e573625e0
7,2021,西武,34,55,42,3,5,1,0,1,9.0,2,0,0.0,7,0,4,0.0,2,5,0,.119,.229,.214,.443,2b780c62-9ebd-4971-9ccd-088e573625e0
8,2022,西武,1,0,0,0,0,0,0,0,0.0,0,0,0.0,0,0,0,0.0,0,0,0,----,----,----,----,2b780c62-9ebd-4971-9ccd-088e573625e0
9,通算：9年,通算：9年,325,647,543,48,118,16,2,6,156.0,40,0,1.0,45,1,43,1.0,15,104,12,.217,.292,.287,.580,2b780c62-9ebd-4971-9ccd-088e573625e0
0,2014,西武,41,92,80,14,22,6,0,6,46.0,15,0,0.0,0,0,12,0.0,0,22,1,0.275,0.37,0.575,0.945,5d051158-8c96-414b-8985-74a48439bf33
1,2015,西武,138,531,474,51,136,33,1,17,222.0,68,0,4.0,0,3,44,3.0,9,143,5,0.287,0.357,0.468,0.825,5d051158-8c96-414b-8985-74a48439bf33
2,2016,西武,107,392,349,43,102,20,0,10,152.0,46,1,1.0,0,1,42,0.0,0,96,3,0.292,0.367,0.436,0.803,5d051158-8c96-414b-8985-74a48439bf33
3,2017,西武,38,145,124,16,42,8,3,2,62.0,18,3,1.0,0,0,21,0.0,0,24,4,0.339,0.434,0.5,0.934,5d051158-8c96-414b-8985-74a48439bf33
4,2018,西武,136,552,473,67,130,34,2,16,216.0,80,7,2.0,0,7,70,2.0,2,105,3,0.275,0.366,0.457,0.823,5d051158-8c96-414b-8985-74a48439bf33
5,2019,西武,135,573,492,96,162,34,2,23,269.0,105,3,2.0,1,6,72,3.0,2,89,9,0.329,0.413,0.547,0.959,5d051158-8c96-414b-8985-74a48439bf33
6,2020,西武,104,405,358,46,90,15,2,9,136.0,38,4,2.0,2,4,38,0.0,3,67,7,0.251,0.325,0.38,0.705,5d051158-8c96-414b-8985-74a48439bf33
7,2021,西武,125,520,431,70,133,32,2,11,202.0,41,5,2.0,1,3,79,3.0,6,65,4,0.309,0.42,0.469,0.889,5d051158-8c96-414b-8985-74a48439bf33
8,2022,西武,102,412,366,45,92,21,3,8,143.0,38,2,1.0,3,1,41,0.0,1,66,11,0.251,0.328,0.391,0.718,5d051158-8c96-414b-8985-74a48439bf33
9,通算：9年,通算：9年,926,3622,3147,448,909,203,15,102,1448.0,449,25,15.0,7,25,419,11.0,23,677,47,0.289,0.374,0.46,0.834,5d051158-8c96-414b-8985-74a48439bf33
0,2022,西武,26,71,58,3,9,2,0,1,14.0,4,0,0.0,3,1,9,1.0,0,16,1,0.155,0.265,0.241,0.506,569d4caa-8bc7-4d56-a726-4ccb22991739
1,通算：1年,通算：1年,26,71,58,3,9,2,0,1,14.0,4,0,0.0,3,1,9,1.0,0,16,1,0.155,0.265,0.241,0.506,569d4caa-8bc7-4d56-a726-4ccb22991739
0,2020,西武,17,43,38,5,7,0,0,2,13.0,5,1,0.0,1,0,4,0.0,0,14,2,0.184,0.262,0.342,0.604,f644984a-bfb1-4991-ad34-6c0388160fd7
1,2021,西武,35,72,65,6,14,2,0,1,19.0,8,0,0.0,2,2,3,0.0,0,19,4,0.215,0.243,0.292,0.535,f644984a-bfb1-4991-ad34-6c0388160fd7
2,NPB：2年,NPB：2年,52,115,103,11,21,2,0,3,32.0,13,1,0.0,3,2,7,0.0,0,33,6,0.204,0.25,0.311,0.561,f644984a-bfb1-4991-ad34-6c0388160fd7
0,2022,西武,11,32,29,3,4,0,1,0,6.0,2,0,1.0,1,0,2,0.0,0,7,1,0.138,0.194,0.207,0.4,948adf67-1d28-47d3-8804-90557b52273a
1,通算：1年,通算：1年,11,32,29,3,4,0,1,0,6.0,2,0,1.0,1,0,2,0.0,0,7,1,0.138,0.194,0.207,0.4,948adf67-1d28-47d3-8804-90557b52273a
0,2022,西武,1,1,1,0,0,0,0,0,0.0,0,0,0.0,0,0,0,0.0,0,0,0,0.0,0.0,0.0,0.0,745c11af-4a42-4543-b173-7d391096822a
1,通算：1年,通算：1年,1,1,1,0,0,0,0,0,0.0,0,0,0.0,0,0,0,0.0,0,0,0,0.0,0.0,0.0,0.0,745c11af-4a42-4543-b173-7d391096822a
0,2021,西武,1,0,0,0,0,0,0,0,0.0,0,0,0.0,0,0,0,0.0,0,0,0,.---,.---,.---,.---,e8abe2f2-d960-486c-b4fd-37ee7209c74a
1,2022,西武,1,0,0,0,0,0,0,0,0.0,0,0,0.0,0,0,0,0.0,0,0,0,.---,.---,.---,.---,e8abe2f2-d960-486c-b4fd-37ee7209c74a
2,通算：2年,通算：2年,2,0,0,0,0,0,0,0,0.0,0,0,0.0,0,0,0,0.0,0,0,0,.---,.---,.---,.---,e8abe2f2-d960-486c-b4fd-37ee7209c74a
0,2021,徳島,41,66,52,7,12,2,0,0,,4,3,,5,0,9,,0,19,1,0.231,0.344,0.269,,42fbbdc9-51d4-49b7-b4e9-b240eb772dbc
1,通算：1年,通算：1年,41,66,52,7,12,2,0,0,,4,3,,5,0,9,,0,19,1,0.231,0.344,0.269,,42fbbdc9-51d4-49b7-b4e9-b240eb772dbc
0,2019,楽天,55,112,96,10,21,2,0,1,26.0,6,1,0.0,8,0,7,0.0,1,23,2,0.219,0.279,0.271,0.55,0dc819bf-05da-48c3-b71e-12f2b962fc72
1,2020,楽天,67,164,130,17,26,10,0,2,42.0,16,0,1.0,11,3,18,0.0,2,38,2,0.2,0.301,0.323,0.624,0dc819bf-05da-48c3-b71e-12f2b962fc72
2,2021,楽天,107,281,240,25,45,4,0,4,61.0,23,1,1.0,16,1,17,0.0,7,64,2,0.188,0.26,0.254,0.515,0dc819bf-05da-48c3-b71e-12f2b962fc72
3,2022,楽天,71,182,145,10,31,4,0,3,44.0,18,1,0.0,13,0,21,1.0,3,46,3,0.214,0.325,0.303,0.629,0dc819bf-05da-48c3-b71e-12f2b962fc72
4,通算：4年,通算：4年,300,739,611,62,123,20,0,10,173.0,63,3,2.0,48,4,63,1.0,13,171,9,0.201,0.288,0.283,0.571,0dc819bf-05da-48c3-b71e-12f2b962fc72
0,2006,西武,54,146,138,10,25,4,1,3,40.0,14,0,0.0,6,0,2,0.0,0,33,6,0.181,0.193,0.29,0.483,6dd89a93-b7a0-4156-a535-98b2931d3934
1,2007,西武,28,50,46,3,8,1,1,1,14.0,7,0,0.0,1,1,2,0.0,0,19,0,0.174,0.204,0.304,0.508,6dd89a93-b7a0-4156-a535-98b2931d3934
2,2008,西武,46,68,64,5,8,4,0,0,12.0,5,0,1.0,1,1,2,0.0,0,30,0,0.125,0.149,0.188,0.337,6dd89a93-b7a0-4156-a535-98b2931d3934
3,2009,西武,112,306,273,22,60,15,0,3,84.0,25,1,0.0,14,3,15,1.0,1,75,5,0.22,0.26,0.308,0.568,6dd89a93-b7a0-4156-a535-98b2931d3934
4,2010,西武,1,1,1,0,0,0,0,0,0.0,0,0,0.0,0,0,0,0.0,0,0,0,0.0,0.0,0.0,0.0,6dd89a93-b7a0-4156-a535-98b2931d3934
5,2011,西武,122,365,317,20,69,7,1,2,84.0,22,4,1.0,33,3,11,0.0,1,79,6,0.218,0.244,0.265,0.509,6dd89a93-b7a0-4156-a535-98b2931d3934
6,2012,西武,139,414,360,23,70,12,1,0,84.0,23,0,2.0,35,1,17,0.0,1,74,9,0.194,0.232,0.233,0.466,6dd89a93-b7a0-4156-a535-98b2931d3934
7,2013,西武,141,468,413,28,89,16,0,5,120.0,43,1,2.0,19,2,30,2.0,4,62,14,0.215,0.274,0.291,0.564,6dd89a93-b7a0-4156-a535-98b2931d3934
8,2014,西武,125,423,381,31,77,13,1,7,113.0,36,0,2.0,20,3,17,0.0,2,74,10,0.202,0.238,0.297,0.535,6dd89a93-b7a0-4156-a535-98b2931d3934
9,2015,西武,133,443,399,31,84,16,0,4,112.0,35,0,0.0,22,2,16,0.0,4,87,7,0.211,0.247,0.281,0.528,6dd89a93-b7a0-4156-a535-98b2931d3934
10,2016,西武,117,326,294,19,64,10,1,1,79.0,22,0,1.0,19,0,13,0.0,0,48,12,0.218,0.251,0.269,0.52,6dd89a93-b7a0-4156-a535-98b2931d3934
11,2017,西武,104,310,267,32,67,11,0,5,93.0,30,2,1.0,23,4,8,0.0,8,45,6,0.251,0.289,0.348,0.638,6dd89a93-b7a0-4156-a535-98b2931d3934
12,2018,西武,47,135,129,10,32,8,0,0,40.0,9,0,0.0,3,0,2,0.0,1,30,3,0.248,0.265,0.31,0.575,6dd89a93-b7a0-4156-a535-98b2931d3934
13,2019,巨人,58,138,126,17,33,4,0,6,55.0,26,0,0.0,2,1,7,1.0,2,28,4,0.262,0.309,0.437,0.746,6dd89a93-b7a0-4156-a535-98b2931d3934
14,2020,巨人,56,114,100,4,18,2,0,1,23.0,7,0,0.0,3,1,8,2.0,2,23,3,0.18,0.252,0.23,0.482,6dd89a93-b7a0-4156-a535-98b2931d3934
15,2021,巨人,44,54,48,4,9,0,0,1,12.0,7,0,0.0,1,1,4,1.0,0,17,0,0.188,0.245,0.25,0.495,6dd89a93-b7a0-4156-a535-98b2931d3934
16,2021,楽天,51,124,105,11,23,3,0,3,35.0,8,0,1.0,10,1,7,0.0,1,24,3,0.219,0.272,0.333,0.605,6dd89a93-b7a0-4156-a535-98b2931d3934
17,'21計,楽天,95,178,153,15,32,3,0,4,47.0,15,0,1.0,11,2,11,1.0,1,41,3,0.209,0.264,0.307,0.571,6dd89a93-b7a0-4156-a535-98b2931d3934
18,2022,楽天,98,288,253,21,60,4,0,4,76.0,18,0,3.0,15,0,18,0.0,2,52,10,0.237,0.293,0.3,0.593,6dd89a93-b7a0-4156-a535-98b2931d3934
19,通算：17年,通算：17年,1476,4173,3714,291,796,130,6,46,1076.0,337,8,14.0,227,24,179,7.0,29,800,98,0.214,0.254,0.29,0.544,6dd89a93-b7a0-4156-a535-98b2931d3934
0,2018,巨人,1,0,0,0,0,0,0,0,0.0,0,0,0.0,0,0,0,0.0,0,0,0,----,----,----,----,b2293657-7e27-48fa-95c8-3832966c3621
1,2019,巨人,1,0,0,0,0,0,0,0,0.0,0,0,0.0,0,0,0,0.0,0,0,0,----,----,----,----,b2293657-7e27-48fa-95c8-3832966c3621
2,2020,楽天,9,18,15,5,6,0,0,1,9.0,4,0,0.0,2,0,1,0.0,0,7,0,.400,.438,.600,1.038,b2293657-7e27-48fa-95c8-3832966c3621
3,2021,楽天,31,43,38,2,10,2,0,2,18.0,3,0,0.0,2,0,3,0.0,0,9,0,.263,.317,.474,.791,b2293657-7e27-48fa-95c8-3832966c3621
4,2022,楽天,18,19,17,2,2,0,0,0,2.0,1,0,0.0,0,0,1,0.0,1,7,0,.118,.211,.118,.328,b2293657-7e27-48fa-95c8-3832966c3621
5,通算：5年,通算：5年,60,80,70,9,18,2,0,3,29.0,8,0,0.0,4,0,5,0.0,1,23,0,.257,.316,.414,.730,b2293657-7e27-48fa-95c8-3832966c3621
0,2022,楽天,5,12,10,2,2,0,0,1,5.0,1,0,0.0,0,0,2,0.0,0,4,1,0.2,0.333,0.5,0.833,1e158de8-359b-4049-b486-064acc61705d
1,通算：1年,通算：1年,5,12,10,2,2,0,0,1,5.0,1,0,0.0,0,0,2,0.0,0,4,1,0.2,0.333,0.5,0.833,1e158de8-359b-4049-b486-064acc61705d
0,2018,楽天,12,24,23,3,4,0,1,0,6.0,2,1,0.0,0,0,1,0.0,0,1,0,0.174,0.208,0.261,0.469,7f547673-44b0-464e-942b-10f11bbee1e1
1,2019,楽天,65,140,122,6,19,2,2,0,25.0,13,0,0.0,11,0,5,1.0,2,41,2,0.156,0.202,0.205,0.406,7f547673-44b0-464e-942b-10f11bbee1e1
2,2020,楽天,10,8,7,0,0,0,0,0,0.0,0,0,0.0,1,0,0,0.0,0,4,0,0.0,0.0,0.0,0.0,7f547673-44b0-464e-942b-10f11bbee1e1
3,2022,楽天,5,1,1,0,0,0,0,0,0.0,0,0,0.0,0,0,0,0.0,0,0,0,0.0,0.0,0.0,0.0,7f547673-44b0-464e-942b-10f11bbee1e1
4,通算：4年,通算：4年,92,173,153,9,23,2,3,0,31.0,15,1,0.0,12,0,6,1.0,2,46,2,0.15,0.193,0.203,0.395,7f547673-44b0-464e-942b-10f11bbee1e1
0,2018,楽天,4,5,5,1,1,0,0,0,1.0,0,1,0.0,0,0,0,0.0,0,2,0,0.2,0.2,0.2,0.4,e0febc3f-500d-4b46-b14d-542094f8d2e8
1,2019,楽天,4,7,7,0,0,0,0,0,0.0,0,0,0.0,0,0,0,0.0,0,5,0,0.0,0.0,0.0,0.0,e0febc3f-500d-4b46-b14d-542094f8d2e8
2,2020,楽天,18,24,23,1,4,1,0,0,5.0,1,0,0.0,1,0,0,0.0,0,13,0,0.174,0.174,0.217,0.391,e0febc3f-500d-4b46-b14d-542094f8d2e8
3,2022,楽天,1,1,1,0,0,0,0,0,0.0,0,0,0.0,0,0,0,0.0,0,0,0,0.0,0.0,0.0,0.0,e0febc3f-500d-4b46-b14d-542094f8d2e8
4,通算：4年,通算：4年,27,37,36,2,5,1,0,0,6.0,1,1,0.0,1,0,0,0.0,0,20,0,0.139,0.139,0.167,0.306,e0febc3f-500d-4b46-b14d-542094f8d2e8
